completion,prompt
 no bro, bro did u get it?
 1st part that how  program  are countable, which part u did not understand?
 no problem bro, give me 5 minutes
 bro i got everything except that how you concluded that set is finite if string is finite, i don't what is something lex order which sir mentioned in the class
 yes, this part
 finite, 10^100 is it finite or infinite
 yaa it seems correct, i thought like this this maybe wrong
 not all, for environmental chemistry should we read those tables also?
 by the way where are you from, hmm ok bro thank you
 up, what about you
 ğŸ˜…ğŸ˜…, maybe more than 15 telugu people
 hii, hello bro
 today one??, like what are they asking
 asking for what values of n p(n) should be true, yaa
 and like that it is true for all odd natural no, thanks
 means, u said the answer
 ğŸ˜ğŸ˜, why would i think like thatğŸ˜¶
 sir saying yesterday that odd number questions have answer backside of book, ğŸ˜³
 ohh ok, i didnt check it
 ok thanksğŸ™‚ğŸ™‚, you can get it in net
 bro i am not getting it, i have seen solutions for some of the questions in that book
 thank you very much, this is for 7th edition
 you are great broğŸ™‚ğŸ™‚, don't consider this
 bro in your area does people know hindi??ğŸ˜…ğŸ˜…, 
 no bro i am asking for my convenience, u can talk to me in hindi
 no problem bro, but u can understand me
 no bro, u can talk in hindi
 wow, i hope u understandğŸ˜…
 yaa i had seen this when a bhaiya called me and i talk to him in hindi and he understands, maybe they can't talk but atleast they can understand u
 and speaks tooğŸ˜…ğŸ˜…, hmm
 ok bro good night then, ğŸ’ª
 , did u get the 7th question mentioned in the tutoial in llm book
 ğŸ™‚ğŸ™‚, haa
 ğŸ‘ğŸ‘ğŸ‘, u bro?
 yes, done prep?
 ohh, a little maybe
 how is your prep??, in net
 padh to mai bhi rha bhai, maths is not my cup of tea
 not really, test 1 portion revise kiya?
 haa , aaj ka exam me voh bhi aa saktha hai
 wahi jaise sir btae the, 
 yes they asked, they asked funtion
 but in solution also not given, 
 yes it is ques of rosen, solution?
 yes, can we say this set is subset of rational
 yes, i dont think function is needed
 yaa, maybe its an example of like two varaible bijection func
 very hard broğŸ¥²ğŸ¥², how was the paper
 bro did you remember the key word sir used to type in compiler for debugging stuff on wednesday, me too broğŸ˜­ğŸ˜­
 something like this, gcu ?
 why sorry broğŸ˜ğŸ˜, iam sorry
 setting up vs code in my pc, what r u doing
 yaa this is only option for debuggingğŸ™„ğŸ™„, i should also do this
 if your work is going on without debugging then no problem, actually i just woke up
 tumhari neend kharab kar diya, â“â“
 when, did u participate in sterdays debate session
 ohh, i didn't
 yaa i got message about 3 days agoğŸ¥²ğŸ¥², debate was about virat kohli
 never, u?
 it's very boringğŸ˜…ğŸ˜…, any sport u watch
 what we get in watching any sportsğŸ¤£ğŸ¤£, ?
 itna bhi nhi, r u a bookworm
 ğŸ˜ğŸ˜, ğŸ˜“
 i should watch hollywood na??, kdrama rarely
 yaa, there are some sci fi movies
 what is sunshine buddy program ??, bye
 so, who are interested in sunshine
 ok, no
 maybeğŸ™„ğŸ™„, u?
 not anyone bro, u?
 ohhğŸ™„ğŸ™„, todays my grandma death anniversary
 you are not at home now??, home
 kk, yaa
 ok, sry bro
 i haven't seen yet, physics assignment which is due on feb 1 is it on only blackbody radiation?
 i couldn't solve it, bro could u explain hackathon 1 3rd q approach 1
 nopeğŸ™„ğŸ™„, did u try 4th question of lab 7
 sir didn't teaches us, swapping pointers sir didint say in the class right?
 so maybe they ask, yaa
 we can do one thing, he mentioned it as trivial
 yes, solutions
 what is trivial, i didnt get what r u asking?
 ohh, 
 thanks broğŸ™‚ğŸ™‚, double pointers it is clearly mentioned here
 bro do you know long int??, 
 ohh, to be
 yaa i heard in lab session also, just to check program
 yaa i also thinking same, sry i wasnt feeling well
 ohh, tommorrow
 yaa, everyone in the family has fever right now
 copied from previous start code, how do you write input handler
 what do you mean by input handler, ok then how do you check cases
 on server cases are given, u give the inputs wrote
 you mean by start code??, but now we have to do no
 , yaa start code while(scanf
 then see the start code i sent, this is the input handler right?
 you not need to give input , but we havent given any input
 yes, sir said it wil just check the output without checking any code no?
 yes, if test cases pass then it will give evaluation
 yes, we havent given any input no?
 ğŸ™‚ğŸ™‚, anyway thank you bro
 yes, is this right?
 bro, yaa
 yes, in the instructions it was mentioned
 but i am confirming because i forget it many times till now, hackathon instructions
 you also take care, ğŸ‘
 we are friends na, going to aleep
 yes bro, bro r u there
 i think it mean that problem goes executing till scanf return -1, what is the meaing of this statemnt
 yes, like the array starts from 0 should the heap blocks also start from 0
 we not need to free pointer if whole program in main??, k bro
 ok, thats for sure
 haa, bro
 1st ques??, is this crt?
 ptr is array, ha
 ğŸ‘ğŸ‘, and?
 which question??, time limit exceeded?
 no idea bro, 1st one
 ğŸ‘ğŸ‘, i got the mistake in the code anyway
 i am always here broğŸ˜ğŸ˜, expected output and my output are same but it is showing failed
 all 5 cases passed??, public cases are passed but it showing failed
 there shows bro, i dont know about private ones
 hold, but in public cases both expected output and my output is ame
 i am asking what is written in public cases, 
 same problem as i said??, saved
 ok thenğŸ˜ğŸ˜, haa
 use while, bro for problem 3 how did u write input handler like we dont know number of patterns
 yes, test patterns are like infinte know
 there is only 1 string in a function, when we are writing input handler we dont number of test patterns for each particular string
 so, but we need to input even patterns while we are writing code
 yaa bro, bro r u there
 why have you written eof, is this ok?
 is eof working??, ok i will use -1
 yaa but sir had asked not to vla nağŸ™„ğŸ™„, https://stackoverflow.com/questions/3764014/how-do-you-read-scanf-until-eof-in-c
 variable length array, ok
 bro, you deleted this message
 ok, i dont think so
 ok, sry bro i don't know
 yes me too, ğŸ˜“
 not started or startedğŸ™„ğŸ™„, haa
 thanks ğŸ™‚ğŸ™‚, 
 yes, we are ep1a right?
 no, should we attend the class?
 because they miss class on wednesday, ok then i will leave
 yaa go ahead, i want to ask u something
 no bro, are u attending python sessions from lamda
 but i think it will record, ok
 what are the timings, so yaa they have kept the recording
 i think we should attend na?, don't know
 yes, he it's pretty much important
 yaağŸ˜¢ğŸ˜¢, it wasn't recorded
 hmm, discord
 yes maybe, i guess fever was because of weather
 how to give, give host to mam
 yaa thanks, it's worked out
 ok, think so
 .., or per unit area
 bro, ok
 thanks bro, 4b 9.67 into 10^-7
 yes, am not sure of my ans
 means we have to differentiate spectral energy density and equate it to 0, you should maximize that
 from that i am getting equation given in hint, take temp conts
 ??, now x = 4.95
 means simply put value, i hints sir gave the solution no
 yes, you got equation in the hint right?
 how we get x=4.95, x=hc/ktlamda
 ohh, sir directly gave the solution for us i guess
 means simply put hc/lambda kt=4.95, even using our jee methods it's no easy problem
 and find lambda  into t, why would sir give one hell of a maths problem
 yes ğŸ˜…ğŸ˜…, ya
 means, u can derivation for 4th also
 ohh, maximumize it
 bro what subtopics sir told in previous itp classes, r = c/4 p
 in this we find a power b, strcopy
 ok, s
 me too bro, ğŸ˜­ğŸ˜­
 yeah, according to u this week do we have hackathon
 yaa but ig they increase level of questions, like last week's topic we shouldn't use
 yes, bro did u get the score for assignment 2 of cal
 maybe because of different tas, ğŸ˜¨
 but you should  write a mail to arunabha sir, i really hope so
 then wait 1-2 days, should i also write a mail
 , okkkk...
 ok thanks broğŸ™‚ğŸ™‚, 
 ğŸ˜‚ğŸ˜‚, i left it to god
 ig it starts from 4 to 5:30, when is discrete maths exam?
 and we have to submit between this, 1 30 exam?
 i think so, between 4 to 5 30 we can submit any time no?
 which subject, did sir say anything about assignment 2
 no, arunabha sir
 email him i think, my assignment 2 wasnt graded\
 yaa why not, just now
 oo, emailed him
 don't take tension bro, hmm
 how, tension was beacause my discrete maths score was wrongly given
 yes, today we got the mail no
 then write private comment there, in that they didngt gave marks for q5
 ğŸ‘ğŸ‘, then got it
 you are facing lot of problems broğŸ˜…ğŸ˜…, but both happend at same so
 it's from 4 to 5:30??, when u will write short quiz
 oo, i think
 maybe sir give time, can we write any time. in between
 bro mine not submitted yetğŸ™„ğŸ™„, are marks visible for u
 ğŸ¤£ğŸ¤£safe app becomes madğŸ¤£ğŸ¤£, it's not showing anything
 it was submitted, i am dilemma my quiz was submitted ir not
 , just now saw it
 what are these figures, more probably somerfield elliptical i guess
 maybeğŸ˜…ğŸ˜…, n = principle quantum number
 hmm, m magnetic
 no, bro did class start
 not started yet na??, ok
 of itp??, how to contact tas in discord
 chat in thread, s
 ohh for that, do they say the evaluation method
 yaa i also have problem regarding it, for partial marks?
 i also don't know how to, in discord prsnally
 , we can thread after he replied only right?
 ğŸ‘ğŸ‘, he didn't reply
 he will reply, .
 see on top ryt corner, in dis cord
 thread option comes only in groups, 
 yes, means all the students for that respective ta should also contact him?
 how to know that who checked mine??, ha
 but to whom i contact??, student ta mapping
 ohk ğŸ˜…ğŸ˜…, click
 bro does mayukh sir has told about compton wavelength??, 
 do you get any response from ta, no itp
 ok, 
 did you completed your assignment, i haven't started preparing quantum phy
 no, u?
 ğŸ˜ğŸ˜, 7th
 ğŸ™„ğŸ™„, 7th
 means, from 1.8 to 17
 yaa bro you did itğŸ˜ğŸ˜, sğŸ˜­
 ohk bro, if your algorithm looks fine and works for some test cases u should probably ask
 yes bro, you deleted this message
 fortunately it's showing in taskbar, how did u know the msg delete d
 but when i opened its shows deleted, hmm
 because energy difference between the orbits of electron are discrete, i completely forgot about this
 ex if electron in 1st orbit .so it can go to 2, bro till which slide the qm assignment is
 what are you asking, wait what?
 no broğŸ™„ğŸ™„, ğŸ˜­
 my mind is saying don't take tension 2 days leftğŸ˜…ğŸ˜…, i just started like 45 min back
 as i think it should be of wave packet, 
 wait, once see this
 grp velocity is velocity of whole packet, if whole packet has same phase velocity it should be equal to grp vel
 maybeğŸ˜…ğŸ˜…, then no i think
 ok bro, 
 omega, why abt w?
 yes that's the problem, haven't given value no
 this what will be use of given equation, you deleted this message
 because of we get speed we get momentum, hm
 yaa sure, will this work
 i think which is not in orbits of atom, should we consider rest mass
 yes, 
 we should use only rest mass until velocity of electron is not comparable to speed of light, why should not use
 yes, is this crt
 bro in question 1 of assignment 4 of cal2, ğŸ‘ğŸ˜‡
 kk thanks, that it tends to e
 kk, there is no need
 yes, did you get the second one
 limit not exist, for 2ndone
 no, for bothe cases tend s to 0 no
 ohhğŸ˜…ğŸ˜…, you deleted this message
 just write x+y+1 tends to 1, ya
 and xÂ²+yÂ³ yaa but there should not be condition that epsilon>1, not sure abt this part
 here epsilon is always >1 na, i didn't understand bro
 but it should not be, s
 , then how?
 bro we can do that, ğŸ‘
 did 1 questionğŸ¥²ğŸ¥², did you start phu assignment
 don't worry bro we have whole tomorrowğŸ˜…ğŸ˜…, reading part not done
 yesğŸ¥²ğŸ¥², but should read eng also
 ğŸ˜¢ğŸ˜¢, s
 no bro, it's big
 my big fear is physics assignment, hm
 there is very horrible questions, hoping so...
 hmmğŸ¥²ğŸ¥², it's whole another level
 ok, i didn't try yet
 , iam not sure abt this
 okğŸ¥²ğŸ¥², i haven't gone that far
 sir  written here na that we need to solve time independent schrodinger equation, i didn't get ur doubt
 psi, what should we find in the q
 no bro, you deleted this message
 yes, phy?
 why you choose hard oneğŸ˜…ğŸ˜…, ğŸ˜­
 i also haven't done, bro
 how, photo
 ohhğŸ™„, not q
 no, that rutherford one?
 but my doubt is that it said to use relativity theory, ok..
 the special relativity, why do you mean by relativity
 all are inter related broğŸ¥²ğŸ¥², wait why is that coming
 the order of radius of nucleus is same as order of wavelength, how should we use radius of nucleus
 no, did u get it bro
 why 2nd equation, right?
 energy one, which eqn
 yes, total energy no
 that's my doubt, e how should we manipulate
 we not need to get ke from e, from e how do we get ke
 ke =hv/2lamda na, is this ok...
 i am ryt na??, ok..
 yaa i also think so, in the hint why they gave that relation
 donal, ?
 wow, he said he will give time tommorrow
 ohh good good, ğŸ˜…
 yes bro, bro r u there?
 thanks broğŸ™‚ğŸ™‚, write in your own way
 1 and 3 exist, all exists are u getting
 yes, is this crt
 we have any class today??, thank you bro
 office hours na??, disc maths
 hmm, mam said
 yes, ?
 now let's go to physics oneğŸ™„ğŸ™„, ha
 3, phy
 sure, and programming
 but try to start earlier because it's take timeğŸ‘ğŸ‘, in the 1st q 2nd part we should use relativistic terms
 yes, i wrote 4 1/2 q
 , will try for sure 
 i also not done lab questionsğŸ¥²ğŸ¥², lab questions are there for me and theory also not perfect
 yes, did u write feed back
 we have to use relativity theory, getting vel more than c
 we have to use relative equation of momentum, this is it or should in the lamda equation mo should be m
 kk, no
 .85c, bro what is vel u got in 8th question
 yes, phase one right?
 14.98*10-13 joule, bro for 1b why ans u got?
 .., ke?
 , instead of 13
 i amnot sure about this formulağŸ¥²ğŸ¥², you deleted this message
 no, did  u submit bro
 ğŸ˜…, 4th i think i can get partial but 3rd no idea
 we can only tell order na, yaa
 , no
 wlcmğŸ˜ğŸ˜, iam really grateful
 .043, u?
 yes, you deleted this message
 kis question me, normalization use karke a value kar sakthe hai kya?
 bro i think this equation is something wrong, i dont think so.......
 how, from boundary conditions we get b=0
 , is psi0 = 0?
 but howğŸ¥²ğŸ¥², if b = 0 problem solved
 i am not getting, read this
 are you saying that it asked for 1 variable??, one artibatary constant
 yaa but we have 2 nağŸ¥²ğŸ¥², for amplitude
 ohh, as mentioned in q
 yes, to find order
 by taking wavelength equal to diameter, how?
 yes only mass change, same as in a?
 yes maybe, so they gave for lectron so proton we can get
 8 *10-12, 4b what answer u got bro
 ok, but i don't know
 gd night, ğŸ˜´
 ohk, when are holidays bro for us
 no, ğŸ˜…
 sure, bro if u get some good examples of grand application please share
 how we write...., hm
 ohk, less than 350 pages means atmost 2 pages total
 kk, mainly see headings
 but what to write in our addressğŸ¤”ğŸ¤”, s
 ohk, like that
 no, did u get your env che last test marks
 u have some urgent work so i can't, will u attend 1 to 130 session
 did you get your marks??, k
 are you in meeting??, no
 yaa, not started na
 1 hour ??, 6
 all previous one cancel??, s
 all 4, s
 ok tqq, s
 , ğŸ‘
 ohk broğŸ¥²ğŸ¥², and last class too
 thanks bro, once read this
 bro means of best of 2 exams will be grade in env che??, geeksforgeeks
 that's greatğŸ˜ğŸ˜, s
 tomorrow we have short quiz ig??, 
 ohkğŸ¥²ğŸ¥², s
 ig it's all mixed, this time
 mean, bro no functions?
 ohh, sir taught many functions no
 no, for suppose int atoi
 ig we should not, we shouldn't use ?
 sponge pop, 
 i used to see it very years beforeğŸ˜ğŸ˜, i just know the name
 , ohh
 bro, hmm
 yes, submitted bro?
 opened now??, you deleted this message
 then what, this is wrong
 this also not work bro, ig no
 there are very very large numbersğŸ¥²ğŸ¥², the given numbers are even bigger than this
 but we can't print such large numbers, then we can add and again multiply
 yaa but this gives number in decimal na, don't consider that 5
 when you multiply then it not print, with some 1â°000000
 try it , hm
 how many digits accomodated ??, long double can be used
 yes, sir hasn't taught long no
 yaa this can work, if > 10 last second and repeat and add 1
 mean, how about this
 yes ig, will this work
 yesğŸ˜ğŸ˜, let's try
 we can define array ğŸ¤”ğŸ¤”, but still we can't store or take in the number
 ğŸ¥´ğŸ¥´, won't know
 as written in ques we should use, 2nd one
 noğŸ˜­ğŸ˜­, any progress?
 yes, today we have disc exam no
 that's is also a tension, first question i didn't understand
 we have to find m^k, will u explain once
 but not by simply multiplying m k yimes, is it related to tuesday class?
 we have to break k in 2 power terms, i didn't understand
 so find such power of 2 which is just less than k, 32
 yesğŸ‘ğŸ‘, and 1
 , we have to compute m32 
 i also don't know, if we do like this will the runtime be surely lessthan or equal to logk
 yes bro, bro r u there
 out of 5??, if my program runs forthe test cases is it enough
 we have to decrease time, ğŸ˜­
 n10 mean, for 3rd one my program runs till n10
 then it should work later alsoğŸ¤”ğŸ¤”, n= 10
 yaa but you get marks, no
 yaa ig you get more than half, manually iam not expecting full even half ok for me
 don't know, time
 yaa that's why i also thinking, but said in monday class
 , 
 no no bro, now?
 bro 3rd question is similar to factorial question in lab 7??, ok ok saw mail now
 ohk, crt method i don't know
 ğŸ˜ğŸ˜, i built the code based on test case 1 and 2 luckily it worked for private case 1
 but your 3 cases passed na, i got 20 only
 maybe some terms become up and down, 
 bro got any idea for question 2??, maybe
 yes bro, bro r u there
 no, got 2nd one?
 yaa, and for the first one yesterday u mentioned something no is it crt
 bro, okk
 trying, r u there
 but not able to solve, 
 yes, is this crt
 but bro you dont think it become very long, i have a doubt bro
 code became very long, i didn't understand
 - take a block, i have no choice
 mean, 
 it give ascii value, because in the string number is taken as a char no
 so, ğŸ˜¨
 apply operations using ascii table such that it give sum of digits, i didn't get it
 so we get 8, ok
 don't know, if using heap iam getting core dumped  and i don't what's wrong with code
 bro we have env che examsğŸ™„ğŸ™„, no change
 i can't understand your doubt, haa no change still core dumped
 yes, in the first question u said one method right
 ohh, to another function
 did you freed the malloc before returning??, 
 so what's the problem, no
 yes, u have completed p1?
 ohk, can i send my code will u take a look at it
 ğŸ‘ğŸ‘, i will check it once
 yaağŸ˜ğŸ˜, anyway best of 2 no
 ğŸ™‚ğŸ™‚, tommorrow
 yes, bro for us exam on 6 pm
 no bro, got 2nd one?
 use unsigned long, second one how did take in the input bro
 and also define m as unsigned long, in autojudge also not working
 how many cases passed, haa
 bro, for some it's working
 see properly that some values you have not changed to unsigned long, hm
 don't know bro, for this also bro
 you should ask to those who's answer are showing, no idea
 yaa yaa, this screenshot was not mine
 , mine was disaster
 not so good, thank you bro
 if we take more time, yaa
 because form not auto submit at 6:20, 
 yaa that's why i also submit on time, but we should submit
 , last 2 q i didn't do
 ok, a
 ohk, a
 what is nss, nss is compulasary i think
 i don't know bro, u should do it in 4 years
 yaa i have it, check in your mail
 so, see this
 should we fill it, bro if u have timetable from monday onwards pls share it bro
 are you filling??, register in aims and fill the form
 just go to courses, but dont how to register in aims
 go to 3rd line, pls do say
 i am also not getting bro, if i chick on course registratyion it is showing that red remark
 semester 1 registration are over na, 3rd sem?
 but, so dont worry bro
 yaa, haa but we cant register now naa in aims
 ohk, like we cant add it now
 sure, if u join in any of the club please say i wolud like to try any club in my 4 years
 i am not getting timeğŸ˜­ğŸ˜­, i dont want join in any academic clubs like programming or coding
 to see the emails, its boring in home
 bro can you please explain briefly what is expected case in tuesday lecture, but at the start its too boring almost 3 4 days of a week
 ok bro no problem, iam sryğŸ˜“
 yaa, exams like completed naa this weekğŸ˜…
 ğŸ˜‚ğŸ˜‚, i wanted to study but couldn't bring myself to study
 no bro, u can say lazy
 ğŸ˜…ğŸ˜…, 
 âˆšcÂ²-vÂ² is velocity, 
 don't knowğŸ˜…ğŸ˜…, how?
 bro can you see your answers of last quiz on safe app??, ok
 no no, ?
 yaa, mid sem 2
 ohh, 
 not for mine also, for u?
 but how speed become âˆšcÂ²-vÂ²ğŸ¤”ğŸ¤”, the system is moving in x direction
 yes, bro r u there
 time wrt to s dash frame, ?
 everything is relative bro, why wrt
 by solving equation above it, 
 , sry bro didn't realise
 statical mechanics, which slide?
 taught broğŸ˜…ğŸ˜…, i thought it was for the next segment
 how much you get in cal 2, it is too painful
 23ğŸ˜¢ğŸ˜¢, u?
 means, i don't think it's there for exam
 i can't understand it's meaning, i don't think it's there for exam
 no bro it was taught, actually it was posted by some other professor other shantanu and mayukh sir 
 you really not recall it??, ?
 ohh that's why, i didn't attend the classes some
 yaa it is, 
 it's not coming in wednesday exam, 
 ğŸ˜…ğŸ˜…, u saved me
 i just asking because it was taughtğŸ˜…ğŸ˜…, i thought you were saying that this is there in exam
 no, submitted assignment?
 there are easy questions, wow
 bro have you done 6th question of assignment??, ğŸ¤©
 how to find velocity, haa
 how to find m, mo/m
 what are the answers of all questions, we get âˆš1-v2/c2
 i am getting 1800 a, what did u get for 1 ans
 other answers??, i will check once again
 ğŸ˜®â€ğŸ’¨ğŸ˜®â€ğŸ’¨, it's 1800
 yes crt, 3
 correct, is this crt?
 crt, 5
 me too bro, like it is 3 points
 how you get 1/2 in velocity, 6th
 , 
 .99c, what did u get for v
 yes yes now i understand, did u get this
 maybe, for the short quiz will they from the present lectures
 yes, bro has the class started
 4 teacher divided into 2 groups, like this is last seg no
 when is quiz bro, oh ok
 sir said na, which quiz
 in today's class, i wasn't there in the class
 ok, bro i think 26
 yes wrt ether, in right direction
 we have assumed ether as rest, not relative wrt to ether
 , crt?
 yaa i understands this case, 
 ohk, i think this is wrong
 ğŸ¤¯ğŸ¤¯, it's confusing
 don't know broğŸ™„ğŸ™„, intro to ai
 then maybe we have to, and 4 assignment s
 all things are going above my headğŸ™„ğŸ™„, 
 we can't do anything bro, ğŸ˜­
 ohk, but i think it identify the object
 oh, i didn't get crt algorithm
 ig no, hackathon marks released?
 ğŸ˜®ğŸ˜®, i was really shocked
 no really, physics exam prepared aa bro
 not seen yetğŸ˜…ğŸ˜…, assignment
 maybe not because not mentioned in pdf, or it is doubt session in intro to ai
 someone said objective in ai group, obj or subh?
 , you deleted this message
 ohk, no bro i have seen just now because u mentioned
 then you can see it later, i won't come to lab session abyway
 but here is reason na that 1 is incident and one is reflected, 
 maybe, .
 that i don't know but if velocity is near c then definitely we have to, how to say amplitudes
 what are you asking, mean?
 amplitude decrease when wave goes to potential>0, in every region for either potential = 0 or e > potential how to say amplitudes of psi(x)
 from which topic??, once explain this bro
 this is the case when particle is bounded, photoelectric effect
 area where energy is falling, in the solution
 maybe diameter of electron, how did we get the value of da
 yes diameter of electron is approx 10 -10, assumption only no
 , thank you bro understood ğŸ˜ŠğŸ˜ŠğŸ˜Š
 kk, don't know bro
 ohh kk, maybe something like that
 it seems correctğŸ™‚ğŸ™‚, i don't that's crt or not
 we have only 2 classes na today, haa
 ok, haa bro
 now opened??, bro we can apply for nss in aims
 yaa same here, but i don't find any course
 then what to do broğŸ™„ğŸ™„, ha
 yes, in sq this week syllabus will also come?
 yes, v means the elements which are to be related na
 what is case 1ğŸ¤”ğŸ¤”, wait actually did sir said the same thing
 bro i afraid in every examğŸ¥²ğŸ¥², to be frank iam kind of afraid of today's sq
 but don't take so much tension there is very less chance that sir give from relation, this is different case we did sets and proofs practice but relations is different
 what are you asking i didn't get it??, hmm
 and one more thing i get response from nss that we can apply only in  1-2 segment of odd semester, don't consider my doubt actually sir did exactly what i mentioned here
 yes, hm i think 3rd sem next na
 bro do you have tutorial 1 solution of discrete math because i am not getting it on classroomğŸ¤”ğŸ¤”??, you deleted this message
 1 also??, 1
 kk, haa
 yes, 
 , how?
 depend on how we define relation, comparable means less than or equal to na
 , like sir is always saying less than or equal to
 this is sign of posets, s
 no no, but sir is always saying less than or equal to
 sir said that this is sign of posets, means?
 yaa maybe he said because it's short, does this make sense
 but there exist is present in slides, and read
 but bro there is not for all x, x is a student we know that as its student domain
 class started??, 
 yes they are same, both same or not
 kk, there exists here has no significance statement saying if x students then he go but 
 ohh yaa, no
 yes, bro exam after class only naa
 how to solve this, like 100 times
 yes, ?
 function, address or value
 ok i will see, if adress then function should be pointer type
 in which class ??, like if any matches ur thinking
 yaa okk, dynamic memory lecture
 did you get question 2 of hackathon 3??, no not yet
 no problem bro, infact i saw assignment now
 ohh what happen?, iam sorry
 ğŸ˜¢ğŸ˜¢, some sleepless nights
 if you want i will send you answers of assignment, eye is irritating 
 sure, thanks bro â˜ºï¸
 no bro, in the first q is there any printing mistake i.e there is no x3
 no bro, you deleted this message
 so using 2a identify we find something, ss
 literally i have not done yet , for which that clause is true
 i also, i don't know matlab
 make one more bro, 
 , even though it's big bro
 so we have to use matlab ??, hmm i asked my friend he said install matlab
 then it's very nice bro, y sir will object
 ohh, iith providing us free matlab
 which 3rd, bro should we right algebraic simppification in 3rd
 i don't think it's necessary, assignment
 write all values of p1 p2 p3 ..., 
 , p11 p12 corresponding values?
 and when you get all values of p1 p2 p3 ... please send me, ok
 yee, need to work out
 yaa hackathon, next week is hectic
 yaa, ğŸ˜­
 not at all, for 4th one any idea
 sure, if u get 4th one
 because we have taken cases in proving 2a na, y do u think so
 in which we have assumed x as t or f according to which we get phi 1 and phi 2, hmm
 how many solution you got, what's the use
 there are only 8 cases na, u?
 where is tttt, 
 ohh yes, second clause fail na
 ohh, i asked a senior he said he doesn't last year one but ask any other
 wtf it isğŸ¤£ğŸ¤£ totally same, 
 god tussi great hoğŸ«‚ğŸ«‚, 
 all things out of mind, i got 3
 , ig
 bro what is truth assignment, bro
 yaa i also thinking the same, maybe they are asking us x1 to x4 values for which this is false
 but here is not general case bro, generally
 i think you not need to write 3 last pages, is it okay to write like this
 yaa then it's fine, i tried it to go in accordance with the class
 yes, did u get 2a only if part
 , will u share it
 , ok
 ğŸ‘ğŸ‘, u saved me
 it happens bro ğŸ˜…ğŸ˜…, 2a b)
 which code??, bro did u submit the code
 so what to doğŸ¤¯ğŸ¤¯, i just saw now
 ğŸ¤£ğŸ¤£, i don't know
 how probability 1.5ğŸ˜…ğŸ˜…, 1.5-0.56 is this right?
 asking about 1.5 here, pa intersection pb = pa x pb
 why you summed it, what do u think
 we have to subtract intersection also na, .
 ohh that's crt, that's why 1.5 - 0.56
 but bro code given by sir is not correct, we weren't taught matlab
 but it couldn't, syntax error
 just do same as above, what should i do now
 marks, ?
 not full but he will give some marks based on this, ya
 so just go for it, ha
 ğŸ˜…ğŸ˜…yaa, best of luck for both of us
 good night, good night bro
 ok, i don't think so
 i think till thursday, till where
 maybe, this week also counted?
 don't accept defeat until you really defeatedğŸ˜…ğŸ˜…, actually iam fighting a losing war with pigeon hole principle
 do you know any book for practice??, 
 oh yes rosen is good, iam not fond of llm book
 i am not fond of any bookğŸ¥²ğŸ¥², but last time exam i think it's better of we use llm
 i just hate reading theories, what are u planning for intro to ai
 what to plan ğŸ¤£ğŸ¤£, assignment
 yaa short and precise, i think rosen is like hcv
 what you are talking about, atleast 3/4 then only we will be on safe side
 it's submitted na, assignment
 we have to take lectures, this sat
 yes, because we'd thur fri we will be busy
 from where, i will have to learn
 kk, is this not good enough
 i searched for probability problems for matlab on yt, it has 1m viewsğŸ˜…
 no , is that contrapositive of pigeonhole principle
 here we have 5 desktop with 1 server, then y
 by pigeon hole, if 59 connection are there
 pigeon hole state both, this is wrt pigeon hole na
 because number of connections are constant, i think apply for 60 connections once with 10 servers 
 so we have to prove that 59 is false, i think sir verified this
 yes, possible
 bro have you dnone ques2 of hackathon 3, ok
 yaa what after thatğŸ˜…ğŸ˜…, like that na
 using getline we get string ryt, in discord solutions have i think
 then we have to make function to add each character of string, yaa
 like if sum  is greater than 10 then we have to subtract 10 and add 1 in next character??, are u asking algorithm
 are you understanding this??, it doesn't work anywayğŸ˜…
 k i got it, sum if 15 then give 5 take 1 and add 1 to before digit
 but bro we can do this using scanf too nağŸ˜…ğŸ˜…, ğŸ‘
 yes, will it take?
 i got sum of 2 positive nos ryt, bro i have a question
 ig all mix, sir is now taking on different functions and headers na
 even i haven't seen previous lectureğŸ¤£ğŸ¤£, these new functions i haven't practiced
 bro i have i very major problem when i have time i use to see irrelevant things and when no time i just complainğŸ˜¢ğŸ˜¢, i will see that in like after half an hour
 ğŸ«‚ğŸ«‚, ğŸ˜…
 no we can't join it na, are u doing nss
 who said, no i don't think it's necessary
 ig it is necessary, i don't know cause we filled form
 bro have you done english questions??, ok then
 no no, will they give marks today based on that
 yaa, bro r u there
 go ahead, i have some basic question in c
 it is command for ubuntu, what does it say
 yes, vim means code editor ig
 seeing what the folder contains, something like this
 really i can't understand vs codeğŸ˜…ğŸ˜…, any suggestions
 gcc -c is used to compile every part of file, mostly replit or programmiz
 you can't compile the code, what if don't use -c
 yes maybe, once see this
 sir done the same thing, in this why is the starting line
 no, ^c no sense
 atoi is strictly not to be used, what are your thoughts
 yes, it is lib.h only na
 we can't used atoi, then change it into int by atoi
 we have to equate n func1 func1 as 0 na, 
 , should i do will it be useful to next hack
 yes but nothing is useless bro, in lab some q are based on this
 ohh then maybe, while explaining sir said if we use =0 it automatically creates malloc 
 yes broğŸ˜…ğŸ˜…, it's difficult listening to ramakrishna sir compared to kartheek sir
 bro u understands the matlab code??, ha
 ğŸ˜¢ğŸ˜¢, no not at all
 ğŸ¤£ğŸ¤£, but when they said hack postpone i simply slept from 2 to 6 30
 yaa i also tried but not get anything, but it was difficult so i left it
 , same
 , keep the before slide also
 bro i can't understand the last 3 lines, 
 if subsequence of s ends before t then??, did u get it
 , no it doesn't because ik should be the longest na
 subsequence of length (is), between as and at?
 means it can't ends before at, did u get it
 no, did u understand y
 i got it broğŸ¥³ğŸ¥³, 
 thanksğŸ˜€ğŸ˜€, ğŸ‘
 5, how many q are there in assignment 2
 yaa something like bitstringğŸ˜…ğŸ˜…, there is no biystring in this q
 ok, no
 100, hack 2 how much bro
 in mine it's written penalty, ğŸ˜¯
 it is 100 ig, i think no penalty
 , me too
 no broğŸ™„ğŸ™„, it's genius
 in today's class sir told that we not need to learn python or matlab, i just assignment he gave python codes to write na
 yaa basics is sufficient, but still we need y
 ğŸ˜…ğŸ˜…yes, i don't even know basicsğŸ˜“
 neuron, bro what exactly is perceptron
 bro as rakesh sir told about the function to calculate 2^x by recurrence, ğŸ‘
 ohk, you deleted this message
 no no, they should prove qi divides qj na
 2^ki is greater than equal to 1  na, we are considering the numbers ai no 
 now i get it broğŸ˜…ğŸ˜…, ok
 yes, understood the ans?
 yes when we take ki=1, 2^ki(2n-1) < 2n. ?
 mine too bro, u asked the q but my doubts are clarifiedğŸ˜…
 noğŸ˜¬ğŸ˜¬, did u start ai assignment
 don't knowğŸ˜…ğŸ˜…, when will u start
 you will submit soft copy or write on paper, hm
 we don't need to submit code, code?
 we not need to submit code, i didn't understand
 yes, okok we don't need to submit for q2
 yes, but for 4th we need to
 but names are different no, 
 where are train and .., last one nn training
 ohk, above one support
 ğŸ¥²ğŸ¥², ğŸ˜“
 ğŸ˜µâ€ğŸ’«ğŸ˜µâ€ğŸ’«, yaa it's confusing
 in which topic??, bro what is training error
 page no, intro to ai 3-1 module multilayer neuron network
 training error means error on the basis of given points, testing error?
 bro have you seen the last lecture of prem sir??, ğŸ‘
 no problem broğŸ¥²ğŸ¥², iam sryğŸ˜“
 telling if we have to find ordering in (a1, 
 less than is for only comparision of integers, directly we can use less than symbol na
 i am confused broğŸ˜µâ€ğŸ’«ğŸ˜µâ€ğŸ’«, 
 no (a, a
 so for defining poset {(a, ss
 don't worry, iam really sick of this topic
 bro can i tell after class??, you deleted this message
 we have  to make a string using struck, ok bro
 what help, 
 mine too broğŸ˜…ğŸ˜…, multiply of complex numvers
 i will see it again and when i get it i will tell you, ğŸ˜“
 bro have you learnt python, ok
 in which sir proved the both lhs and rhs using a case, bro q2 of part 2 disc maths what is combinatorial proof
 ig, ok
 i also can't solve it, how to solve
 ig tomorrow, when will sir upload solution s?
 bro in last itai class sir is running python code na, hm
 in last class, i didn't understand what you are saying
 so what are the input and output here, ha
 ohh ya , ğŸ§
 , for 2nd onne we should write input and output that's it?
 we have to write anything with image or only image, don't know bro
 ohhğŸ¤ªğŸ¤ª, iam eating dinner
 cmd, for second one
 command prompt, cmd?
 does it work??, 
 something, modules?
 when you install python, where are they
 ğŸ‘ğŸ‘, finally did
 1st, 4th ?
 yaa we have to find on net na, net?
 there also written to include kernel based svm, haa
 ohh, in slides
 yaa ok, maybe ğŸ¤” there we should search there
 i startedğŸ˜…ğŸ˜…, can we write this
 what is m3an by reference??, reference what u wrote
 hmm, maybe website?
 copying broğŸ™„ğŸ™„, or just copying
 for writing myself i have to understand, isn't it plagaraise
 sir said himself to search on net, ?
 don't know, what to do for 3rd q
 bro what is meaning of double star it ipt, hm
 this happens when you wrote this or not worte this??, worked
 and when we not write it then what it shows, wrote this
 if giving wrong file name, if the file doesn't have anything then maybe it's shows 0
 listen when we not wrote it then output give is what??, for u?
 ohh, it
 yaa maybe, or maybe seg fault
 yes bro, bro r u there
 they give input along with ./a.out, .
 sir  will give the name, bro i understand that we should do fopen (input file name)
 char, when we are writing the code should we take in consideration that k is a char and take(int)k -48
 , ğŸ‘
 yaa, if k >= 10 we dont ascii value naa
 make function like atoi, ğŸ˜¨
 neverğŸ˜¬ğŸ˜¬, we shouldnt use atoi ?
 yaa but not so much, thats a lot of work
 but after writing free p my program showing error, in the lecture sir said that now that we have equalled *p = 0 ;
 ğŸ¥²ğŸ¥², it creates a heap
 sorry sorryğŸ˜…ğŸ˜…, what is the error u are getting
 yes, ?
 what happen, 
 yaa ok, let's talk about this after dm test
 no, bro this one any idea
 ğŸ¥²ğŸ¥², not given
 nowadays all bad things are happening in lifeğŸ˜­ğŸ˜­, only that q missed
 does quiz is showing on your safe app??, we can't do anything
 ok, no
 not for me also, u
 correct ig, is this q crt or wrong. 3 one
 no no it's only question no 3, where?
 yaa previous ones, before exam one's or new one's which will be updated
 no bro, u?
 not given examğŸ¥²ğŸ¥², how did u write
 i have some important work, yy
 so he said that he will take maybe at 5pm, lucky boy
 i am thinking this world be more dangerous, oh all the best
 it's so much hardğŸ˜¨ğŸ˜¨, i wont even 30percent marks this time
 did questions are available on safe??, one of best weapon
 kk, no
 9 till now, quiz 2 how much bro
 but maybe they have given 0 in thatğŸ¥²ğŸ¥², ha
 how many questions are there in today's test??, no
 ğŸ™„ğŸ™„, maybe 9
 kk, n!/i!j!k!
 it seems that it not work, what should i dk
 ye, bro r u there
 yes but not fully, did u get the first one
 yaa it's working, for new atoi
 i used â˜ï¸ for other use not for atoi, i didn't understand
 but it should work in making atoi also, ok
 we have print the lines, 
 and make conditions in then, we have to create function like simple grep
 seems crt, whose properties are given
 are you using different function or in main??, 
 then in function starting  are you using this.  char argv[1][ ], diff
 ğŸ‘ğŸ‘, this worked
 i have suggestion don't specify it as [10] , thanks bro
 -v print all the lines which not contain the specific word, 
 are you asking that what happens when both  v and i occur, no no 
 you know printing all lines of file, frankly i didn't get the q
 yes so check the given pattern in whole line, it
 if sir include  -v in input  then just reverse the case, i don't understand -i -v
 , if -i 
 but we just ignore it, if (argv[1] = -i){
 ğŸ™‚ğŸ™‚, ok thanks bro
 yes, bro
 i think they give us input as input/alice.txt, 
 i don't know, will the autojudge give this input into the code
 showing clang failed something somethingğŸ˜­ğŸ˜­, i wrote my code based on argv[]
 ig, wrong file opened
 yes we have to do same, i did nt input anything i just wrote the code assuming the autojudge will give the command line arguments and the code takes this as argv[]
 but 1 condition is that we have not get input of file as alice.txt but inputs/alice.txt, 
 yaa yaa, 
 thinkingğŸ¥²ğŸ¥², bro how to do this
 sure bro, bro if u get how how to do it pls tell me
 yaa it should show, it's showing error
 yaa you are putting whole thing including inputs, is it wrong
 yes, ?
 if you remove argc-1 then also input present there, argc-1
 yaa ig u r ryt, the thing is 
 yes 1st we should complete all other stuff, i don't know bro what to do i will just leave this as it is 
 yes, bro r u there
 what happened broğŸ™„ğŸ™„, you deleted this message
 k, it's sorted out
 i 500ğŸ¥²ğŸ¥², i took 100
 am i ryt??, ğŸ˜…
 k, ya
 no, number of times \n one
 are you getting from start??, i need a hint bro
 means when you type ./a.out k file.txt, but for \n not working
 and then when you press enter, s
 no for every \n it prints next line, it is mentioned number of \n characters then that many new lines naa
 in this??, i don't know what to do
 tell if you have any problem, leave it
 ğŸ‘, it's sorted out
 ğŸ¥²ğŸ¥², it's giving 1 line
 we have to deque the earliest number entered, they haven't mentioned the number which is dequed
 why bro, see this in output 3rd line should be 264831...
 , if (fp == 0){
 yaa, included ?
 remove the word which is dequed, have any idea for 3rd one bro
 struct is just like any datatype bro, how to take input
 so the question is asking same na, sir said \n and enter are same
 that when we print enter then it prints 1 line, hm
 yes, next line
 then leave it, i < eof
 hm, try this
 yes, for 2md one?
 mine too bro, so i don't if it works or not
 yes, did u do 3rd
 they how your code runs, are they important or can i just leave them like that
 ohh, they aren't errors na
 bro these are general warnings, my code is incomplete
 make another string with that part of character, bro how to pass only some part of a string
 , you deleted this message
 i also done same, iam not sure
 but in server it is giving using getlineğŸ™„ğŸ™„, in that command line only ig
 , then what should we do ğŸ˜­
 ğŸ™‚ğŸ™‚, we might just be saved
 yes, bro
 only dequed no, in third q they said to print dequued number also no
 we not need to print enqued no, the dequed number before enqued number no
 yes, bro r u there
 tomorrow, or today
 kk, i will ask you after some time
 in 3rd ques??, iam not using heap
 i not used anywhere, s
 ğŸ™„ğŸ™„, then how did u store them
 yes, output will be 54 na
 by struct, how did u store these 54 20
 make array of struct, ?
 array contain truct, struct contain arrays or array of struct
 yes, then the numerical part of this as some part of struct?
 yes bro, bro r u there
 we have not to use n string, how to only n(string) as a part of struct
 you have taken wrong definition of struct, are u saying this
 no no, ?
 yes, 
 just make another string removing e, how like we are taking total as a string na e n 
 no, bro are u kind of bisy
 no no bro, am i disturbing u
 there is only one string na, ?
 you get some idea na, it's fine
 done??, thanks bro
 ğŸ‘ğŸ‘, thanks a lot
 kk, what abt u
 thinkingğŸ™„ğŸ™„, i will be crushed in that
 i am very bad bro but yet thinkingğŸ˜…ğŸ˜…, but if u are going to participate select people in your time mainly on the topics given
 hmm, team
 in my area it's  big festival, what about your area
 i think this holi will be spoiltğŸ˜¢ğŸ˜¢, oh
 exams etc.., in our area
 ohh, ha
 yess, so much fun ig
 you all celebrate different festival na like pongal etc etc.., oh
 here maximum people don't know what is pongalğŸ˜…ğŸ˜…, haa
 it will be so much fun, sankranti you know?
 when i come, ğŸ˜¨
 yes yes it's is also celebrated here, hmm
 ohhğŸ˜…ğŸ˜…, are pongal and sankranti same
 in that replace the input from 3 to 5, bro did u modify code for 4th
 yes bro, bro r u there
 yaa seems ok, ok?
 make 3 more matrix, i did something
 yes, input?
 i can't say anything, for second one?
 0 and 1, no iam saying 4 iii)
 yes ig, integer to real
 but we have to do 7 na, for 5 it's working
 as written in ques, haa
 hmm, just experimented
 all na, hm
 bro do it between 0 and 1, 
 sir said, y?
 ğŸ‘ğŸ‘, thanks btw
 which one??, bro
 idk, and 4th probably word
 what you think bro??, you deleted this message
 means you are uploading py file na??, i will just upload extra .py file from the rest
 does we have to take input from outside, don't know
 does we have to take training input from other file??, wait what
 just leave itğŸ˜…ğŸ˜…, i don't think so
 bro do we have to submit 3 files in question 4, what's the meaning
 yaa, all 3 in one only na
 now i am not going to write anything, should we write own?ğŸ˜¨
 you??, completed bro total
 yes read last 10 pages of last slide, for that one
 nice decisionğŸ˜‚ğŸ˜‚, no i will just submit as it is
 yaa i will ask, if anyone of your friends says it will be considered as plagiarism then tell me bro
 i don't want to see it bro because i haven't try it yetğŸ™„ğŸ™„, for 5th one this is crt?
 thanks broğŸ™‚ğŸ™‚, take this as ref you will understand properly
 kk, you will get in this
 yaa yaa sure, instead of pictures its better if u go through this
 just figure, bro for 2nd one just figure is enough or complete output also needed?
 he is saying that we have to submit image containing hyperplane and support vector, and the support vectors also they said
 by counting the pointsğŸ˜‚ğŸ˜‚, but how do they know what integer it is
 bro i am not confirm because in sentence there is comma before the, its better to be on safe side bro
 hmm, iam doing that
 yes, last week
 you remember that at last sir shows that vc dimension is 3 for 2 inputs, like maybe 4 5 days back
 then what is difference between this question and 5th question, haa
 i think that theta term, bias
 yaa maybe, i think so
 i can't see any v in vector support machineğŸ¤”ğŸ¤”, iam thinking like this
 then what is x1 x2, 2 input percetrom means 2 d vector o think
 oh yaa, v means x1 x2
 x1 and x2 are 2 vectors??, i just took some random
 k, ig vectors
 hmm, 2 input percetrom 2d vector
 oh i seeğŸ¤©ğŸ¤©, line
 but why this line case not taken in this., i asked a senior
 kk, iam sry iam not sure bro
 btw thanks bro i really can't imagine that line case, we should ask sir maybe
 no broğŸ™„ğŸ™„, bias means -teta
 meeting recorded na??, no
 ğŸ˜®â€ğŸ’¨ğŸ˜®â€ğŸ’¨k, s
 no today is shivratri na, health problem?
 are you in itp class??, ok ok
 what sir is explaining, s
 ohk, theory lecture
 ohk, i left class bro
 kk, like 5 min back
 can you please give an example with 2d vector, discriminate
 kk ty, but there's no use
 k, no need i think
 bro is there hackathon tomorrow??, no bro
 and what about theory quiz??, no theory quiz
 tomorrow is theory quiz, i don't know what it is there is a theory quiz
 ğŸ˜±ğŸ˜±, ha
 i think we have to prepare algorithm time, i don't know what to prep for tom
 12.5ğŸ˜­ğŸ˜­, dm 2 what is you total bro
 ğŸ‘ğŸ‘, 17
 it is, i don't think so
 ig start at 5, when time?
 , before
 yes, did he say
 k, ig
 means for checking that server is capable of taking test of 450 students or not, i don't know what it means
 that's i am asking, exam
 quiz is on monday, discord no update
 sir will tell, no today's mock quiz
 i have to see wait, do you have the fee structure for 2md sem
 it is not available on website??, applying for loan
 as i think it should be around 1lakh, i got this one bro
 but this is not for ours na, confirm this bro once
 yes, our fee structure is not there in the website
 https://iith.ac.in/academics/fee-structure/, second sem fees is also not updated in mail
 oh ok then, i opened the same one bro
 yaa i am confuse that what is meaning of 'literature', 3rd question meaning bro?
 no, tommorrow test timimgs
 ohk, ig it's irrelevant
 not yetğŸ¥²ğŸ¥², bro do u know any cardinal labelled multi class classification examples
 for ordinal one??, my frnd said this examole
 kk thanks broğŸ™‚ğŸ™‚, cardinal
 hmm, think examples like this
 yesğŸ˜…ğŸ˜…btw ig you are ryt, anyway tmrow in grp we can discuss
 hmm, let's just be on safe side
 yaa i also tried to find dnn online but not get anythingğŸ˜…ğŸ˜…, i wrote deep learning only
 we have to find probability, for 1st sub question what should we do
 that idkğŸ¥²ğŸ¥², 
 yaa maybe, maybe just bias value i guess
 , that is classifier
 b=-theta na, this one only na
 bro how to draw graph in 3rd part of 1, ğŸ‘
 ğŸ¥²ğŸ¥²ohk, i think we should just draw
 ok, haa ig
 17ğŸ¥²ğŸ¥², u bro?
 different, ?
 ğŸ˜…ğŸ˜…, should changeğŸ˜­
 yes me tooğŸ˜†ğŸ˜†, what should i do
 ig probability become opposite, ai
 yes, 1-p
 ohk, it's minus into b
 yes, conventional?
 yaa it is more than sufficient, is it sufficient
 p should be 1-p nq, okena na
 then it's okayğŸ‘ğŸ‘, haa 1-p
 but ann consist all dnn alsoğŸ¥²ğŸ¥², bro for conventional can we write ann
 module 1??, click on the link
 yaa i got it, 3-4
 we are not supposed to draw according to x values??, see
 ohh, i drawn seeing this
 bro why it's not necessary to add & when we take input of any string??, no ig
 you didn't get my question??, i didn't get it bro
 ohh ok, you may get seg fault also
 yaa, one in the mail?
 yaa same problem   maybe it not have permission, it's not opening
 hn, bro r u there
 i just write in comment, dm
 maybe they give form later, what ?
 no, they didn't give na
 yaa you can, to chaitanya reddy
 if no response then write email, ok
 maybe 16 or 17, bro when is final test of intro to ai
 ğŸ¥²ğŸ¥², my god next week is too much
 ya, 3 assignment
 ğŸ˜ğŸ˜, when the snow melts spring comes
 oh ok, of the recent one
 9ğŸ¥²ğŸ¥², bro how much
 yaa bro, didn't expect that level paper
 next means 19??, ai
 maybe, and hw 4?
 after wednesday any time, it's already monday
 yaa maybe sir not told the ta  about that, that much time
 yaa but it ruin the holi preparationsğŸ˜¢ğŸ˜¢, eng is either on 15 17 na
 yes, yeah
 18th, holi is on 19th na
 yaağŸ¥²ğŸ¥², but should prepare earlier
 yaa there is not any choice to prepond itğŸ˜¢ğŸ˜¢, should confirm it
 17 discrete, 17th maybe
 yes, ?
 ğŸ˜…ğŸ˜… too much work bro, on 17th
 yaa but mainly the portion after quiz 3, from the start?
 really bro i just lost previous things, but if it's complete i will just die
 no only 1 of 2, ?
 it will corrected, any one
 as you wish, should i mail themğŸ§
 so sir said he will correct it, then fine
 yes i think so    i think sir also tell that hand written is better, like not necessarily word na
 sir said he will give form till weekend, bro did u get any response from ta for discrete maths quiz 2
 no bro, bro did u complete project
 then fineğŸ˜…ğŸ˜…, 17th bro
 when is hackathonğŸ˜¨ğŸ˜¨, 
 ig on monday, was sir saying that it will be conducted on monday or the informtion will be given on monday
 given on monday and till 2 days, ğŸ˜¨ğŸ˜­ğŸ˜­
 yaa bro you can say on discord , we might have more time
 all will be managed., but still holi is a bigger festival for u
 don't know bro, bro y is this
 oh sorry i haven't seen itğŸ˜…ğŸ˜…, i think it isnt necessary
 means radiation is symmertic wrt centre??, you deleted this message
 https://youtu.be/9qdjexc2avg, uniform figure or body naa so symmetry
 no, u follow this channel
 ohhğŸ˜…ğŸ˜…, that linear index q
 ğŸ‘, thanks bro it's perfect
 ok, don't know bro
 hmm, it's not continuous
 yaa yaa, iam not sure though
 hmm means al last they found average energy, 
 ok, i think so
 yes bro, bro r u there
 in main??, bro what does exactly return do
 yes, we can return our required value to main na
 the all i talked about is for main, here where does the return goes to
 this return is inside function, it goes to main or that function only?
 i your question is what is meaning of return here , i didn't understand what you are saying
 whenever you call that function, it returns step value to main??
 ğŸ‘ğŸ‘, i think i got it
 i haven't seen the topics yetğŸ˜…ğŸ˜…, which one planning
 handwritten??, but i wrote
 no problem, ha
 ohhğŸ¥²ğŸ¥², first one are instructions broğŸ˜…
 very hard broğŸ˜­ğŸ˜­, 5.5
 yes, this is wrong?
 no, bro any idea how these quizzes have weightage bro
 they can, then they won't even check plagarism?ğŸ˜’ğŸ™„
 karteek sir is very cleverğŸ˜…ğŸ˜…, ok
 bro have you done question 6, ya should be careful
 yaa bro thanks, i think sir mentioned
 yes, for 3rd one did u do it
 ğŸ˜…ğŸ˜…, iam outside now it will take me 2 3 hrs to reach
 there will be no degeneracy ig, bro for third one did u consider any degenerecy
 find uncertainity in frequency  by uncertainity principle, have u done the 8t one
 yes, ?
 sorry bro, maybe round off
 i give the solution if 2nd 3rd partğŸ˜…, see this once
 now tell  what your doubt, ?
 wait i will send my ans, i don't have any idea about 8th
 , ?
 because any photon will take exactly 2d/c time to hit, 
 so in 2d/c time all photon hit exactly once, 
 yaa but i have taken whole that interval na, initially some photons go to this side and another that side na
 you think any example, for different type of photons it will be diff na
 yaa position may be different , initially n photons
 let n/2 going to other side will also take less than 2d/c time bruh, what we are doing is n goes to one side
 which both, to reach other mirror
 yaa , these n/2 phto
 how you exactly say that 1.5d/c, ha
 bit you can say that it will take less than 2d/c time to hit the partially reflecting one, ya
 ğŸ‘, it's best one
 we get the photons emitted in 2d/c, bro i have a doubt
 means every photon hitting contribute in producing these photons, 
 ğŸ¥²ğŸ¥², bro
 you are considering all collision happening in 1 sec, where iam making mistake
 .., hm
 , ya 25 degrees
 bro how much you got in 5th 2nd one??, but i will go with 2d/c
 kk, close to that
 bro, 
 ok, 2vcn into 2vpn
 yes yes i get, 2vcn
 hmm thanks bro, multiply all
 no bro, did u get bro
 i didn't ask but ig not yet, sq timing s?
 it's not fixed yet bro, but we do have an exam an 19th
 humcharo taraf se ghere ja chuke h, wait isn't it confirm that 19th is ai test
 it can be before 19, ğŸ˜¨
 even i can't understand in class alsoğŸ¥²ğŸ¥², i thought i can read on 18th
 it not compulsory ig, should there be no exams
 so it can be on 19, ha
 no bro all other batches also have additional subjects, we are completely at a disadvantage wrt other batches
 but our exams are too hardğŸ™„ğŸ™„, but not tight schedule as ours
 not you only bro, i spend more time
 , haa
 yes, bro for a simple path there should be no common vertex na
 many people asked bro, bro i think we should ask karteek sir to do something about hack or else
 bro , hmm
 ohh kk, i know i can't do tutorial so reading and seeing examples in rosen
 ok, maybe 40 percent
 yes bro, bro were u there in maths class
 not sure about this, when will sir keep tut solutions
 maybe today, when sir said this iam there
 he says 1 and 1/2 days, iam not sure about 19th though
 48 hour, if we start google form then it will be 1 hr?
 yaa bro, subjective?
 but it can happen in any exam, what was sir thinking anyway
 bro one good news we don't have ai test, hmm
 sir said in classroom, why?
 google classroom bro, wait today class is there?
 ğŸ¥³ğŸ¥³yes bro, that means after 17th we are free birds
 what happens bro, you deleted this message
 ohh ok, i asked what exactly is single root condition
 yes bro, bro did u open the google form
 yes bro, bro r u there
 yes, or just nested loop
 no bro, here given we should directly take a matrix as i put
 now you take input as simply, no auto judge isn't open
 bro in 2nd question if both condition will follow then also ok na, ğŸ‘
 kk, iam not sure bro
 hmm, only one ig
 yes, bro did u use malloc for p2
 yes bro, bro r u there
 vlm means, 
 yes bro, my declaration of array here
 it is vit is vla, is it vla
 because you declared as int*a[n], yy
 means, should i take any arbitrary number
 you have allocated half memory on heap and half on stack, 
 you have allocated first integer of every array in stack, ?
 bro i am bit confused if i am saying correct or not, avoid stack
 then what are asking, i understood that
 yaa it seems correct bro, my way of creating matrix is array of pointers
 ok bro, maybe search stackoverflow
 yes bro, bro r u there
 nothing, what quiz
 ok, maybe 4
 which question, 
 yes bro, q8 eng
 ğŸ˜ğŸ˜, me too
 then don't know broğŸ¥²ğŸ¥², whatever n is
 don't take risk bro, eng exam will it auto submit at 10
 ğŸ‘ğŸ‘, ha submitted
 but i don't think it detect exponent time, have u completed hack
 hmm, remember in product u have multiplication and addition
 kk, haa but got only 20 points
 yes ig so, our exam is 4pm na
 what is cowst matrix??, you deleted this message
 yaa something like that, i wanted to ask cost matrix
 bro, ok
 where is link, maybe gradescope
 yaa, end time
 yaa because i don't getting how to login etc.., submit?
 there is asking course code etc etc, ok
 ok, no
 hmm ok bro, so do it fast bro
 ohh ok bro, not done yet
 ok bro, ya
 bro, 
 ohh ok, my frnd helped me
 yes bro, r u there
 no bro, check mail
 bro have you done registration??, maybe ta are diff
 bro, no
 how to do, iam doing now bro
 yaa i also got this., these only aa?
 when, we got na mail to register before 25
 hmm, 
 are we supposed to do registration without instruction of faculty advisor??, did u?
 yaa the main confusion is that here written for 2020, this is for cs
 this is not yours??, some courses aren't opening
 ohh, no seniors
 last date is tomorrow , search in website
 ohh ok, 23rd
 no now, learning?
 for what, so u r planning
 i think we should do python, i don't know what to do in these days
 because it needed in ai, hmm
 , ha
 if now we do first 4 courses now, it will open in couple of days ig
 ohh ok, we can add ig
 no bro, bro did u pay fees
 many one are saying that server for fees paying not started yet, any mail regarding fees is updated in mail na
 idk bro, since today is the only day na
 ohh, but just 2 days back they can't do it since they have so many pending loans
 then what you do broğŸ˜•ğŸ˜•, they said u pay the fees in time we will reimburse it back
 yaa but it includes hostels and mess also na, 134600
 where you got this??, don't know
 yaa maybe, for 2021
 how many marks you got bro in hackathon bro??, if u get any source for python tell me bro
 mine 35ğŸ¥²ğŸ˜­, no bro dont ask
 ohh, me less than 30
 it's active bro but it's showing 1st semester fees, bro when the fees link is active tell me bro
 bro, hmn
 yaa same, yesterday i applied for 3
 70 broğŸ¥²ğŸ¥², hack 4?
 i didn't use close in both 1 and 2, me 56
 ohh ok, i mailed my respective ta
 ohk, .
 ig no, registration started?
 pizza account creation bro, what is this?
 check your mail, i am travelling to my village
 , keep the screen shot bro once
 that's why bro, am
 have u attended today class at 12 pm, iam going to be busy bro for next 3 days
 no just intro, bro r u there
 hmu means, bro do hmu have the mail of gvv sir
 wait a sec, how to mail sir
 ğŸ‘ğŸ‘, maybe i should wait for some time
 kk, i will mail at 7 tonight
 yes bro, bro r u there
 not now, did u create github account
 there is not any option to signup, assignment 1 deadline?
 .., ok
 ohh i was looking in phoneğŸ˜…ğŸ˜…, 
 depend on your problem, so bro can we use c
 yes, for graph plotting we need use python
 yes, and bro we need to write code na for problem s
 bro what is latex, and sir have shown some codes naa
 means it is an editor, 
 noğŸ¤”ğŸ¤”, alternative of word iguess
 yaa maybe, and submit
 same, i don't know python
 ohhğŸ˜ğŸ˜, actually iam in my village celebrating festival
 yes, that's it na
 these are the solution of questions, high school solutions?
 then don't know bro, but ours are icse
 yes, bro did u take consumers and commodities la
 means, bro let's be in the same grp
 ok done, 5 or 6
 fine, he is willing to join
 follow this link to join my whatsapp group: https://chat.whatsapp.com/bgyxizwlkwzbdqqedx1acq, ok
 means i have not to join it, https://chat.whatsapp.com/egirpa9nk61dyvh16yobpo
 joinedğŸ˜ğŸ˜, new grp
 what's his name, ha
 which branch, sai pradeep
 kk, ha ai
 whom to add?, bro let's create 6 member grp
 but now there are only 3 members, even if he quits we have 5 members
 kk, by name he is a boy
 sure, ask them
 yaa i joined, what is that supposed to mean
 yes, discussion grp only naa
 which branch bro, shall i ask
 ok, cs
 bro does github problem solved??, any branch
 solved bro, github problem?
 a-, itp grade?
 bro has sir send the slides of first lecture of ai1100, same
 how 2nd one be 1, 
 kk got it, no
 you get what to do??, village
 ok bro, sir codes are available so check it out bro it might help
 yes, as far as i can remember nothing more than introduction
 thanks bro, https://teams.microsoft.com/l/message/19:9acjegvpvxhttc3qccoaw0barr2g7wq8pdyxix0lphq1@thread.tacv2/1648583805499?tenantid=2f057da9-71e5-4402-9d02-954621afa5a6&groupid=6c1dc7a5-a51a-473a-90c2-8972d94648bd&parentmessageid=1648583805499&teamname=id1050%2fai1100&channelname=general&createdtime=1648583805499
 ya asking the same, started na
 ohhoğŸ¥²ğŸ¥², alpha go
 bro what the boy said about the disadvantage, you deleted this message
 ohh ok, he said like whenever he didn't say anything but still if there is a sound then the assistant responds
 ryt now??, i don't understand
 someone is saying that a assistant can recognise a celebrity by its quality, they are in a way enjoying
 yaağŸ˜…ğŸ˜…, ya
 tell bro, pls help me
 same bro, since am not gud with words
 bro the excel is view only, so what do you say
 are you able to write?, ?
 , s
 what exactly we have to do, ?
 no no no, iguess
 let's see if anyone want to be cordinator, we all will do it
 yaa sure, should we let be the grp coordinator
 bro, iam not getting any idea
 sameğŸ¥²ğŸ¥², u?
 where is numbers??, all courses
 means, a-9
 b- means 6 then??, b- grade means 7/10
 ohh, 7
 73 bro, 10
 73 means 9.125 cgpa??, maybe 9.125
 how much you got, i think so
 , bro did u register for id1054
 no, digital fabrication
 ig it not send yet, bioengineering class link bro
 yes, link
 bro, iam not getting
 here only written join, no need
 ok bro, i don't think so
 yaa i have taken on 2nd floor, did u take any?
 do you want to be with me, room no
 there are also 4 students, okğŸ‘
 , ai21btech11024@iith.ac.in
 yaa sure, in sheet
 then what, iam not saying like that
 no , so is there anything i should doğŸ§
 yes we have 57, .
 i think so broğŸ¥²ğŸ¥², did u save it bro
 , 
 maybe somewhereğŸ˜…ğŸ˜…, where are room numbers bro
 kk, i think so its showing in my device also
 did he installed google sheets, it's not accessing
 bro, i will ask him
 don't know bro, yy
 for editing the form??, did u ask for request access?
 very much bro, i think tommorrow will be a rush
 yes, we will try to get atleast second or third floor
 bro, ok
 ok, ss
 is anything special??, bro let's try for 72 room number in second floor
 , room no 70 particularly cool though no ventilation
 ok then, one senior
 70 also is fine, if that bro says take fourth floor let's take it then
 but bro all our batch mates are in 2nd, iam not particularly bothered with floor numberğŸ˜…
 not all but mostly, all?
 .., iam not sure about getting room in second floor
 what you think bro, ok 5th is not our priority
 fine, what do think so
 bro, 70 71 72 are also in second floor
 it is very irritating broğŸ¥²ğŸ¥², actually i think it is completely diverted
 bro 5th floor is not good, check this in google sheet
 so 72 70 is fine, ok
 and one more thing 72 is on 3rd floor ryt, ok
 bro your are happy na with these, ok
 no, is this your first time in hostel?
 do you hear about navodaya, ğŸ˜¯
 in that, ha
 which school, in hostel
 ohh kk, clg narayana
 is sheet is same, iam fine with any room
 then be ready, like yesterday
 72 is last, first preference
 then sure for 72, but no ventilation in 70
 ok, 72 71 preference
 any room in 2nd or 3rd, if we don't get these rooms?then
 fine, he asked me
 you can choose any room inthis if 71 72 is not empty, 12 na your roll number
 give your friend roll no also, ok
 ok, 13 & 19
 there is only for ground floor??, i can't edit
 i think due to traffic, no go down
 can you edit??, 72 is gone
 then what to do, ğŸ˜­
 no, bro
 fine??, 55
 why they did that, 57 is gone na
 what, ha
 i think to edit, 
 didyou got access, ?
 and in 59 i wrongly copied my roll no, ?
 don't take tensions, we got two rooms na
 i did it, i don't think so they will lock on
 we can't edit, remove charan name write your name
 can i write, ha
 and will tell that we wrongly wrote charan name??, in 59?
 yes, can u edit 59
 bro can't edit rool no, so no problem
 that is of charan, we will take them
 charan has roll no 13 or 19, ur access is gone naa
 but can't edit charan name, ?
 i can edit blank ones, can u edit 59
 , if we give 59 to them then what of 55
 if we talk with the head, atleast 33 is written na
 i complained to cr, cause 59 is given to them
 he was seeing, by god's grace we may get back to 57
 we get 57, what happened
 ok, charan name
 i edited iy, if they take cell history and remove 13 and add 12 it will be a mistake
 yaa, the ones who took our 57 we have proof by cell history
 but i guess they only see that cells which are complained by someone, how did u get access that many times
 thank to gotğŸ˜…ğŸ˜…, ok
 can't do, ğŸ™
 no reply, what he told
 tell name of 91 and 13 guy, ok
 tell the charan to complain to cr, it's removed
 kk, i told him he saw
 give the link, this is old meet
 is anything important told??, https://teams.microsoft.com/l/meetup-join/19%3autdznsv377f1aajyn4ogfmj_nv_0cwwnc9xlj1rro081%40thread.tacv2/1649313538331?context=%7b%22tid%22%3a%222f057da9-71e5-4402-9d02-954621afa5a6%22%2c%22oid%22%3a%22373631fd-6cdd-42b6-ab2c-ae11c3895707%22%2c%22messageid%22%3a%221649313538331%22%7d
 bro what is macros in latex, no
 ohh, i simply saw of sirs latex and wrote it
 ig we have to email him, sir said to write na
 i am fine, consumer and commodities
 btw what we are assumed to submit for course??, if i don't much how can i contribute
 ohh, ig
 yaa there are 2 assignment already in classroomğŸ¥²ğŸ¥², i saw some from last batch
 one is single and one for group, last batch also same classroom na
 did we also have to voteğŸ˜ğŸ˜, who r u voting for this elections
 where you know all thisğŸ˜…ğŸ˜…, ug rep 2 velma datri
 ohh, for this categories
 yaa i think i see he/she in class, i heard this name
 you are asking or telling, has
 ohh, telling
 bro how you find you submission in piazza, i searched in our grp
 ohh ğŸ˜…ğŸ˜…, mine is from last 10 so not a big problem
 yaa, it's hectic
 kk, ig its douubt class as usual
 ohh, in official certificates it's ravula karthik
 okğŸ˜ğŸ˜, either way it's fine
 not till nowğŸ¥²ğŸ¥², did u pass in assignment 1
 means, do you think we should have added some points
 means ig document format is not fine according to sir, poor latex formatting means what
 yes, it's two coloumn right
 all seems good bro, once look into this bro
 yaa they will explain it clearly, waiting for reply
 by personal message on telegram??, no reply
 kk, pereonally
 i can't understand??, 
 sorry bro i was eating food at that time, 
 it's a very long it's very hard to check can you tell me in which part you have problem, bro in 2-3 min i will keep my github link once check bro
 format is fine but i don't know why sir is writing that poor latex format, not the code also
 wait, hmm
 yes, 
 then it's fine bro no problem, for multiplication i used from eq 2 directly
 i submitted yesterday, did u submit bro
 how long it will go broğŸ˜¢ğŸ˜¢, ok
 ğŸ¥²ğŸ¥², for 1 assignment
 https://github.com/himanshukumargupta11012/assignment_1, spcae
 can you see it once, see anki saha
 ok bro thank you very much, we get multiply symbol
 np bro, sorry i couldn't reply
 sameğŸ˜…ğŸ˜…, i searched net but not got a sourceğŸ˜­ğŸ˜­
 yesğŸ˜ğŸ˜, 4 days holidays right?
 ğŸ˜ƒğŸ˜ƒyes, ğŸ§
 when it is??, bro what do you think of smart hackathon
 ohh, i got a msg from our classmates
 then what it is, no i don't think so
 what mean by real life problem, because these will help in our resume
 when and where to register, my bro had an idea and gone with it
 , bro
 do you know aishe code of our school, yaa this one
 thinking, ?
 yaa u r rytğŸ¤”ğŸ¤”, if we need 6 members we should ask people na
 but bro no such thing is mentioned in mail, https://sih.gov.in/sih2022ps
 ok bro, 
 but then how you get 6 members, i want to take a team of my own with my frnds
 then it's fine, i know 3 members i can ask
 i will ask some people, no need of branch
 ok bro, hmm u just say that we are participating and ask them to see the mail
 no broğŸ¥²ğŸ¥², https://sih.gov.in/sih2022ps
 yes bro this seems simpler from ohters, 
 is there internal hackathon also??, ?
 bro, see this
 use to make products??, ss
 same i was thinking, in a broad way of thinking commodity needn't be a materialised thing
 bro, ğŸ¤”
 bro, bro if u get a trusted source please help meğŸ™ğŸ™
 so, ok
 yes, we don't have choice anyway
 bro, hmm
 we have to write code for problems na??, its a no bro
 i have one person, yes
 do you have anyone??, if we want to develop an app either python or java
 finally you want to take part or no because if you want then i ask some people, if we want to participate we need to learn
 kk no problem bro, iam sorry bro no
 why you want me to feel bad broğŸ˜…ğŸ˜…, iam sorry bro
 class??, today we have meet at 12?
 have you attended yesterday's meet at 11 pm, yesd
 with sidhant bhaiya, what meet?
 ohh, i slept i think
 ohhğŸ˜…ğŸ˜…, bro
 i don't think it is today because we have already assignment 1, actually i havent done a thing
 yes, deadline
 bro, ok
 i think expand it and then prove, 
 yes, id1054?
 kk no problem, i will try to do in evng
 we should, we should use \times or not??
 no  i just hate cricket, you watch ipl bro
 nothing bro, soccer
 i watch it in school days because my friends used to watch, yesterday
 ohhğŸ˜…ğŸ˜…, actually today lucknow's match is there
 btw i am mumbai supporter, u r from up no bro i thought u maybe cheering for lsg
 i just seen the scorecard, hyderabad
 but jee ruined that na, but afterwards i started watching other sports
 ohh, like volleyball badminton
 do you play any games??, and i saw india position in olympics
 ohh nice, kabaddi in hostel room inschool
 true bro for expanding the cricket india is not taking care of other sports, i play with my bro
 mine too, then after its completely stopped
 yaa i thought same to reply in group but then think you are busy in brother marriage, what do you think
 sure, shall i ask in gro
 packing and tests etc., hmm
 i dont have any problem, if possible shall we meet at 9
 lets wait some time, ananya
 anime is that na which seems like cartoon, i watch anime bro so some sports anime made me interested in some other sports other than cricket
 i will also tryğŸ˜ğŸ˜, haa
 give thenğŸ˜…ğŸ˜…, if u want to start some time i can give you suggestions broğŸ’ªğŸ’ª
 genre??, what is your genre bro
 romance, etc
 noğŸ¥²ğŸ¥², u watched some hollywood movies??
 wow your name is available on ytğŸ¥³ğŸ¥³, comedy type
 it is bro, no
 2hour 3min, see the total time
 https://youtu.be/j7qjmr1j0fa, give me the link below once
 ohk, it's cutting bro in between
 means we have to download from browser, can you adjust with subtitles?
 then whatğŸ˜…ğŸ˜…, no
 ohh ok, u can watch directly in website
 yes bro, opened??
 yes bro, r u watching bro
 started 10 min agoğŸ¥²ğŸ¥², what time stamp are you bro now?
 very nice bro, how's the movie bro
 no bro, ask me bro i will tell you
 ok bro, because of variables
 why, for random variables shouldnt u use sympy
 but i saw this in yt, thought
 hmm, see if anyone got ur type of q in others
 ok bro, there are some codes
 , 
 bro, i dont have ig then
 hmm, what to do
 i am asking for 2nd class??, half the time sir didnt teach anything
 do you have??, ok
 it is but not opening, isnt it ther in teams
 ok, i remember
 kk it's opening in pc, yaa
 your used in your code na, vectors can't be divided
 yaa same, i used it in assignment 1 for solving matrix in form ax=b
 i am asking what is function of  np.linalg.solve, i didn't get it bro what r u saying
 but where you wrote equation, i think it solves linear equations
 , x contains variables
 ohh ok, a multiply with x and compare with b we get linear equations na
 ok, yup
 bro have you learnt double integration, https://problemsolvingwithpython.com/05-numpy-and-arrays/05.08-systems-of-linear-equations/
 ok bro, no bro
 no bro, ??
 no, gvv
 yes, anthropology grp project na
 yes broğŸ¥²ğŸ¥², ğŸ¤•ğŸ¤•
 getting but not so much, ??
 that can not be taken away from you, did u search the meaning of the word
 hmm, of what it is
 ok bro, read some lines of your sources bro
 yes, yesterday class?
 ohk bro, i didn't listen the class bro
 mail id??, personal one
 himanshubina2003@gmail.com, you may get it
 no problem, is there any way??
 got it broğŸ¥²ğŸ¥², ok thenğŸ‘ğŸ‘
 pacemaker, what's the name
 yes  yes, a video shown also ig
 yaa mistakenlyğŸ˜…ğŸ˜…, for bio
 bro whom won president seat??, sir said your name
 kk, you can check mail bro
 yes, i think sir is trying to get in presenter view
 hmm, in gmeet
 yes, bro is there  a class?
 https://meet.google.com/noc-yche-xzs?pli=1&authuser=1, do you have link?
 , bro
 delete option is greyed out, maybe delete option comes
 i just hide it by moving it to cornerğŸ¥²ğŸ¥², ohh ask in grp
 means, make it as points bro
 bro have you seen my slides, no need
 if you want you can , should i read?
 np bro, bro iam sorry by mistake
 yaa i planned, ?
 bro  can i ask you a thing, ok
 that why you wont use edge??, ya
 yaa, microsoft edge
 ohh thats why, can we have bookmarks in edge?
 hmm, 
 oh, i never used edge in phone
 no ig, bro do we have any exam tommorrow
 wow sidhant ranka is president, 
 you haven't attended meet at 11 pm, i thought srijith won
 i think 15 days before, which meetğŸ˜­
 he and his friends tell about college, ohh i dont know
 5, to clg
 you??, ok
 ohk, i will come by evng
 what reference sir talking about now, https://docs.google.com/spreadsheets/d/13r9rheto70_cefnh8e5sybj5oyaz0wobl_ly1an8p2u/edit#gid=2145528018
 ohh ok, i dont know bro he said multiple integration
 means any specific document, special documents
 like ragging certificate etc.etc., 10th also
 ok bro, if they provide information
 hmm, if nothing is said let's ask our cr
 to join the video meeting, pls
 it doesnt ask for time limit??, for gmeet
 what about the previous  meet created by ananya??, and post it in the grp
 ohh ok, she asked me to create
 ohh ok bro, iam sorry
 ohk bro, yet
 bro i didn't get any such messageğŸ¤”ğŸ¤”, what to do
 my data exhausted so i can't ğŸ˜…ğŸ˜…, iam on it bro
 bro questions of tomorrow quiz is still objective or it can be subjective??, np
 not fair broğŸ˜¢ğŸ˜¢, doomed
 bro has sir teaches nabla operator??, iam battling against time
 ohk, i don't think sir announced it
 ohk, not started
 hmm, now
 bro, 
 , https://classroom.google.com/c/ndg0mdm1mje0mdg3
 okk, 4 i think
 idk, what is the answer?
 this is correct, i dont know i just did something at the end
 i am telling you that you r ryt, did they give key bro?
 ok bro, projection on yz plane
 yaa there will be difference of  - sign, does it matter
 hmm, didn't care about sign
 ohk bro, i didn't get it bro
 ohh, can you hear me sir said
 sharing screen??, now not speaking
 ok bro, no
 hm, now sharing
 ok bro, i think so
 ohh, items
 yes, did you see extra list
 ohk bro, then in it is in main list
 then no need to bring??, ha i think so
 yaa but there is alternative of it, but bournvita is not everyday ig
 ğŸ˜ğŸ˜yes it is, no i thought you would bring bournvita because it's your favourite
 , okğŸ˜…
 ohkğŸ˜…ğŸ˜…, exam was disastrous for me
 bro have you passed 12 from cbse board??, 
 , if so please share the questions bro
 bro do you know the answer of last question??, you deleted this message
 bro i am not in the classroom yet, will the classmates able to see my answers
 ğŸ¥²ğŸ¥², ok
 yaa i mailed today, did you mail madam
 which answers you are writing, no bro
 ğŸ‘ŒğŸ‘Œ, 
 me too, hindi evng 8 ig 
 i watched mahabharat 2-3 timesğŸ˜…ğŸ˜…, my father is watching mahabharat show in hotstar these days
 bro medical certificate we have to made new or the old one which we submitted in november 21??, these days i join my father sometimes
 ok bro, i dont know bro
 ohh ok, i don't know if he meaned it
 ig 1, apart from test
 probability, which class
 it was at 12 yesterday, ?
 , ğŸ§
 no broğŸ¥²ğŸ¥², do you know key
 which test, bro won't they grade my paper??
 they will grade ig, yes
 yes, ??
 consider my paper, 
 yes, ok
 don't worry bro, it's terribleğŸ˜­ğŸ˜­
 hmmğŸ˜¨ğŸ˜¨, really??
 ohh you are asking 2nd question answerğŸ˜…ğŸ˜…, last question what u got bro
 yaa got same, so what u got
 root 73 na, root or 3
 ohhğŸ˜…ğŸ˜…, beacuse of that one only i submitted late
 its very tedious broğŸ¥²ğŸ¥², yaa
 , iam poor in maths solving
 no nothing, if you want to add add by today
 and bro do we all have to submit or only one person??, she asked me to add some topic yesterday
 how many slides reached till now, ask her once
 ohh fine, i think 32 i guess
 oh yes, at 11 ig
 bro have you completed the assignment of fabrication??, yağŸ˜‡
 hn, next week na
 no no, is it this week?
 btw what is going on bro, please join
 ok, yaa
 bro have you filled the form given by academic office??, we are seeing its okay or not
 form sent by email, which form
 yaa it will submitted offline, 
 means, which requires
 see form attached with this mail, which form requires signing from parents
 bro how is the cilmate of hyderabad??, ok bro
 generally, now or generally
 okk bro no problem, my parents beleive theee
 do we have class??, s
 i am asking about the ai1100 class, no new topic will be taught
 ok bro, i don't know
 i can't find anything, did you check in teams
 , ha ig
 hmm ok, but i think we are not there in that class since we don't have viva
 ok bro, i didn't get mail bro recently
 ig 3 4 5 are only buffer days, bro when does class starts
 yes bro, ğŸ˜‡ğŸ˜‡
 no wi fi in hostels, is it needed
 but wait i have to confirm with some students, ğŸ˜¨ğŸ˜¨
 there is signal bro but i am asking about wi fi, there's no signal??
 no, are the wifi signals reaching hostel
 nice bro, should i buy router for our room?
 i will inform you later after consulting, iam asking aenuor
 no, do your laptop have port
 yes bro this is fine, is this?
 yaa for some days we have to manage then maybe i buy router, then i can on hotspot
 hmm, if this works without any problem then ok
 ğŸ™‚ğŸ™‚hmm bro thanks for your concern, 6th
 yes at 9, which mattress did you take bro cotton coir foam?
 yes, in the room??
 kk, iam going to hostel office
 not yet, did you have lunch
 bro i am going for lunch, will reach soon
 will it take time??, at the hostel pffice
 ok i also coming, did u lock the room
 yes, ?
 mess, where are u??
 ohk bro, when you come to the room lock the door
 ok, when u come knock the door
 romm no 49, btw where r u
 bro i came to hyderabad for some medical reasons and will come tomorrow, bro where are you
 so please take care of my stuffs, ok
 hmm bro, take care bro
 ig at night, bro when r u coming
 hmm bro, take care bro
 kk, all working
 ğŸ‘ğŸ‘, 230
 i will give you on coming to campus, are u fine
 yes bro he called me, bro tumhare liye donal aya tha
 no bro, bro did u take a chair for room 56
 there was extra chair already in our room, i thought we have 3 chairs na
 ohh, when u will come bro
 yes bro, are u coming bro tonight
 , i will come to the room in 20 min
 in 1-2 hour, bro when you will come
 , ok
 where are you, book
 bro does today's class recorded or not??, tumra keys mere pass hei he
 half an hour, when r you coming
 no nothing, ?
 https://colab.research.google.com/notebooks/editor_details.ipynb#scrollto=f58tfnvaxaee, oo
 when will you come bro??, kaha??
 ryt side, kaha???
 who said, gvv ayegaa aaj ka class mei
 kya dekha, meine dekha
 https://github.com/himanshukumargupta11012/assignments_ai1103/tree/main, gvv ko
 bro for which which courses you enrolled in sem 3, 
 nss?, i think so
 ok, i don't know correctly
 what happened, not good bro
 ohhğŸ˜•ğŸ˜•, last time the child passed away after living 4 months
 yaa it is, it's completely sad
 when this happened??, but still
 okk bro then spend time with family, yesterday night
 bro before buying shorts will show me once, ha
 bro is there different color??, 200
 yaa, ?
 price??, mei bill counter mei hu
 yaa this is fine, 199
 kk bro, you wish colour
 , 
 , 
 , 
 ok, keep it with you
 i am outside, did u see it
 i will se in 5 mins, kk
 yaa bro it's here only, kk
 yes bro, are you there?
 i am also seeing the same, solutions iam not understanding
 idk bro i have to ask pradeep, maybe i will come to iith
 kk, ask him and tell me as soon as possible
 no, mera attendance likh dena
 what was the command to open 2 files in nvim, ğŸ‘
 , then esc + : + tabe
 why you need murphy 12, where is murphy 2012
 revision, and whats going on in foml class
 waah, ğŸ˜
 jitna charan ka huağŸ¥²ğŸ¥², ?
 , uska bhejdo mereko
 haa, 
 what you will doğŸ§ğŸ§, enjoy kiya dandiya night ko
 , bathukamma kiya tumne?
 no , in dj night
 you don't know that dayğŸ§ğŸ§, and today i got to know she was rani k raman
 who told you today, seriously i didn't know
 oh, i saw ranveer photo with bathukamma
 ğŸ˜ğŸ˜yaa she is, she was beautiful ğŸ¥°bro
 men will be menğŸ¥²ğŸ¥², i thought she was overly hyped
 nothing bro, kya kya chal raha campus mei
 haa jaenge dussehra ko, gumne jao bahar
 idk, nthg
 then you should also stay man, ab thak agar udh mein nahi dikhayi diya tho vo ldh hai
 nothing, coding?
 ã‚ã‚ŠãŒã¨ã†, https://github.com/frozenca/ml-murphy
 https://drive.google.com/drive/folders/1fnc9ysme1jcsrgwtun_f_nhbpcsxrmqh, ğŸ˜ƒ
 cd $prefix/../home, 
 yes, did you write my attendance
 np bro, i thought the key was with you
 yaa around half an hour, ?
 howğŸ™ƒğŸ™ƒ, we are enjoying ourselves ğŸ˜ŠğŸ˜Š
 ğŸ˜‚ğŸ˜‚, and your bed is common
 ok, ğŸ™ğŸ™
 bro i have your metric spaces notes, https://github.com/dynomonster/ai2000-foml/blob/main/set-4/4.1.ipynb
 bruh we are going to lab, bro i just woke up write my notes na
 there is file named nbadb.db, https://www.cs.huji.ac.il/~shais/understandingmachinelearning/mlbooksol.pdf
 bro will you go for breakfast?, 
 kk, suraj said he will bring
 text or call me if any of 2 will be done, 
 because mauktika and pradeep came here for 4 copies, what??
 for whom you are taking tell names, if not 4
 2 more, blessy
 bro it's already started, don't take for girls
 i took full for saanvi, boys+ 1 gorl
 it is fine ryt, you are a god
 , kk
 bro send the zip file of lokesh code, https://atmos.washington.edu/~dennis/matrixcalculus.pdf
 in your bag, where's my sweater
 idk bro, bottle?
 whatsapp bro, heyy
 fine broğŸ¥², when r u cmg
 u, dj nightğŸ”¥ğŸ”¥
 ğŸ˜ğŸ˜but i am alone ğŸ¥²ğŸ¥², maybe on 2
 ğŸ˜…ğŸ˜…, did u wish?
 ğŸ˜ğŸ˜ğŸ¥³ğŸ¥³ğŸ¥³, single forever
 ohh then i will ğŸ˜…ğŸ˜…, broo she wished u on ur brdğŸ™„ğŸ™„ğŸ™„
 ğŸ˜†ğŸ˜†kinda same for me, wht abt u
 you should do before only bro, what did i do wrong
 you should do her personally ğŸ˜ğŸ˜, or she won't talk to me bro
 is it available online?, scalp shampoo
 sureğŸ˜, iam going to buy one for myself
 yes, you called?
 me, in which platform
 not fixed, charan?
 2, how many hrs?
 ğŸ‘, maybe from next time
 come fast, we will also come
 the thing is people who knows donal we don't know themğŸ˜…, yes
 at 10ğŸ¤”, cake?
 bruh r u sleeping?, haa
 what okğŸ™„, ok
 pay 105 to suraj for cake, only 8
 start nhi kiya hu, kaha tak hua assignment
 what you were saying, 
 both, english songs
 bruh why 75, 
 ğŸ¥²ğŸ˜… just for fun bro, 60+ bola na
 , 
 , 
 fuck, not started
 then when you will come for dinner, duno
 yes, bro swatch bharat you will come?
 ok, heyy bro can you see my paper
 https://goodcalculators.com/student-t-value-calculator/, i came to class
 hlo bro, heyy bro
 no, busy?
 i didn't do anything like that, just a small doubt
 ok i will see, see the photo once
 like everything is not coming or only address and message, is writing /gifts for action crt?
 yaa it seems correct, the data was not entering in the database
 ok, can you tell me a bit fast
 when is the deadline, deadline's approaching
 where is this fil, so he can do the rest part
 where is the code for saving to mongodb, feedbackmejs
 shivaserver.js, where is this?
 sorry, is it feedback.ejs?
 yes, is the rest proper
 also i don't think he is using mongodb anywhere. so please confirm, thanks bro
 ğŸ‘, us
 bro actually i am outside., please check thisğŸ™ğŸ™
 if it is urgent once contact suraj, when u r free
 bro he used user as a schema but did defined it anywhere, just check it that time
 yes any pen drive or memory card, usb necessary for increasing ubuntu space?
 8 gb is fine, i want to move 100gb from windows
 https://youtu.be/vlvxptj20ha, for size increase of ubuntu
 did you got the interface at 4:33, at time stamp 4:38
 it's stopping at this step?, ha
 i don't have much idea but try to do again, ha
 https://forums.linuxmint.com/viewtopic.php?t=328045, this is second time
